solute,E_Fe,E_FeVac,E_FeM,E_FeMM_1nn,E_FeMM_2nn,E_FeMM_3nn,E_FeMM_4nn,E_FeMM_5nnE_FeMVac_1nn,E_FeMVac_2nn,E_FeMVac_3nn,E_FeMVac_4nn,E_FeMVac_5nn
Ti,-1070.814208984375,-1061.156494140625,-1071.188720703125,-1071.6907958984375,-1071.755615234375,-1071.713134765625,-1071.648193359375,-1071.5389404296875,-1061.90673828125,-1061.46435546875,-1061.46484375,-1061.4886474609375,-1061.5738525390625
V,-1070.814208984375,-1061.156494140625,-1072.104248046875,-1073.322021484375,-1073.302001953125,-1073.399658203125,-1073.4442138671875,-1073.45556640625,-1062.50732421875,-1062.352783203125,-1062.4259033203125,-1062.4366455078125,-1062.4962158203125
Cr,-1070.814208984375,-1061.156494140625,-1072.27001953125,-1073.63037109375,-1073.615966796875,-1073.7188720703125,-1073.760986328125,-1073.7801513671875,-1062.7119140625,-1062.617431640625,-1062.5797119140625,-1062.5775146484375,-1062.60888671875
Mn,-1070.814208984375,-1061.156494140625,-1071.5687255859375,-1072.37109375,-1072.3955078125,-1072.3193359375,-1072.3021240234375,-1072.325927734375,-1061.9586181640625,-1061.931884765625,-1061.884033203125,-1061.89453125,-1061.898681640625
Fe,-1070.814208984375,-1061.156494140625,-1070.814208984375,-1070.814208984375,-1070.814208984375,-1070.814208984375,-1070.814208984375,-1070.814208984375,-1061.156494140625,-1061.1563720703125,-1061.156494140625,-1061.1563720703125,-1061.1563720703125
Co,-1070.814208984375,-1061.156494140625,-1069.9029541015625,-1068.8482666015625,-1068.7998046875,-1068.9573974609375,-1068.987548828125,-1069.1441650390625,-1060.201171875,-1060.1884765625,-1060.21923828125,-1060.2200927734375,-1060.2493896484375
Ni,-1070.814208984375,-1061.156494140625,-1068.49072265625,-1066.051513671875,-1066.097412109375,-1066.1549072265625,-1066.159423828125,-1066.2120361328125,-1058.806396484375,-1058.8170166015625,-1058.83251953125,-1058.825439453125,-1058.837646484375
Cu,-1070.814208984375,-1061.156494140625,-1066.598876953125,-1062.379150390625,-1062.3419189453125,-1062.3564453125,-1062.3380126953125,-1062.4490966796875,-1057.06640625,-1057.02001953125,-1056.924560546875,-1056.933349609375,-1056.900146484375
Zr,-1070.814208984375,-1061.156494140625,-1070.5921630859375,-1070.5557861328125,-1070.719970703125,-1070.884033203125,-1070.712890625,-1070.2257080078125,-1061.9150390625,-1061.768310546875,-1060.888916015625,-1060.898193359375,-1061.9150390625
Nb,-1070.814208984375,-1061.156494140625,-1072.60009765625,-1074.470947265625,-1074.532470703125,-1074.6876220703125,-1074.541259765625,-1074.3062744140625,-1063.337158203125,-1062.9000244140625,-1062.87158203125,-1062.90869140625,-1062.982421875
Mo,-1070.814208984375,-1061.156494140625,-1073.101806640625,-1075.288818359375,-1075.2857666015625,-1075.4332275390625,-1075.4627685546875,-1075.449462890625,-1063.582275390625,-1063.3759765625,-1063.4158935546875,-1063.427490234375,-1063.51123046875
Tc,-1070.814208984375,-1061.156494140625,-1072.665771484375,-1074.390869140625,-1074.2083740234375,-1074.6416015625,-1074.658447265625,-1074.938232421875,-1063.041015625,-1062.7950439453125,-1062.942626953125,-1063.006103515625,-1063.0860595703125
Ru,-1070.814208984375,-1061.156494140625,-1071.8521728515625,-1072.6463623046875,-1072.531005859375,-1072.9375,-1073.031982421875,-1073.3321533203125,-1062.2662353515625,-1062.09423828125,-1062.16845703125,-1062.1832275390625,-1062.222900390625
Rh,-1070.814208984375,-1061.156494140625,-1070.491455078125,-1070.17724609375,-1070.092529296875,-1070.17626953125,-1070.20703125,-1070.423828125,-1060.8653564453125,-1060.7987060546875,-1060.8350830078125,-1060.83251953125,-1060.8638916015625
Pd,-1070.814208984375,-1061.156494140625,-1067.93310546875,-1065.281982421875,-1065.075927734375,-1065.13427734375,-1065.130126953125,-1065.305419921875,-1058.4256591796875,-1058.30908203125,-1058.2864990234375,-1058.304931640625,-1058.30126953125
Ag,-1070.814208984375,-1061.156494140625,-1064.2430419921875,-1057.970703125,-1057.81201171875,-1057.728759765625,-1057.72216796875,-1057.736083984375,-1054.913330078125,-1054.74560546875,-1054.62353515625,-1054.5953369140625,-1054.588134765625
Hf,-1070.814208984375,-1061.156494140625,-1072.410400390625,-1074.19775390625,-1074.34814453125,-1074.47265625,-1074.172607421875,-1073.8829345703125,-1063.550048828125,-1063.208740234375,-1062.679443359375,-1062.7052001953125,-1063.550048828125
Ta,-1070.814208984375,-1061.156494140625,-1074.383544921875,-1078.053955078125,-1078.1644287109375,-1078.31005859375,-1078.14208984375,-1077.89013671875,-1065.06982421875,-1064.64599609375,-1064.66455078125,-1064.69970703125,-1064.77880859375
W,-1070.814208984375,-1061.156494140625,-1074.880126953125,-1078.771484375,-1078.845703125,-1078.976318359375,-1079.07080078125,-1079.03369140625,-1065.3173828125,-1065.1201171875,-1065.190673828125,-1065.2197265625,-1065.310791015625
Re,-1070.814208984375,-1061.156494140625,-1075.0625,-1079.3114013671875,-1079.04443359375,-1079.3668212890625,-1079.4232177734375,-1079.543701171875,-1065.4412841796875,-1065.2813720703125,-1065.3516845703125,-1065.407470703125,-1065.4560546875
Os,-1070.814208984375,-1061.156494140625,-1073.53662109375,-1075.9599609375,-1075.835205078125,-1076.3582763671875,-1076.4698486328125,-1076.780029296875,-1063.920166015625,-1063.7506103515625,-1063.84912109375,-1063.8726806640625,-1063.9150390625
Ir,-1070.814208984375,-1061.156494140625,-1072.01025390625,-1073.18408203125,-1073.1136474609375,-1073.2493896484375,-1073.27734375,-1073.556640625,-1062.4381103515625,-1062.363525390625,-1062.36083984375,-1062.34814453125,-1062.39453125
Pt,-1070.814208984375,-1061.156494140625,-1069.1829833984375,-1067.7083740234375,-1067.462646484375,-1067.722412109375,-1067.7149658203125,-1067.931884765625,-1059.66796875,-1059.588134765625,-1059.56103515625,-1059.553466796875,-1059.552001953125
Au,-1070.814208984375,-1061.156494140625,-1065.288818359375,-1060.13720703125,-1059.91015625,-1059.9327392578125,-1059.893310546875,-1059.908203125,-1055.991943359375,-1055.7850341796875,-1055.671875,-1055.6634521484375,-1055.6572265625
